{
    "angle-double-down": "\\f101",
    "angle-double-left": "\\f102",
    "angle-double-right": "\\f103",
    "angle-double-up": "\\f104",
    "angle-down": "\\f105",
    "angle-left": "\\f106",
    "angle-right": "\\f107",
    "angle-up": "\\f108",
    "arrow-down-a": "\\f109",
    "arrow-down-b": "\\f10a",
    "arrow-down-c": "\\f10b",
    "arrow-down-chevron-light": "\\f10c",
    "arrow-down-chevron": "\\f10d",
    "arrow-expand": "\\f10e",
    "arrow-graph-down-left": "\\f10f",
    "arrow-graph-down-right": "\\f110",
    "arrow-graph-up-left": "\\f111",
    "arrow-graph-up-right": "\\f112",
    "arrow-left-a": "\\f113",
    "arrow-left-b": "\\f114",
    "arrow-left-c": "\\f115",
    "arrow-left-chevron-light": "\\f116",
    "arrow-left-chevron": "\\f117",
    "arrow-move": "\\f118",
    "arrow-redo": "\\f119",
    "arrow-reply-all": "\\f11a",
    "arrow-reply": "\\f11b",
    "arrow-resize": "\\f11c",
    "arrow-return-left": "\\f11d",
    "arrow-return-right": "\\f11e",
    "arrow-right-a": "\\f11f",
    "arrow-right-b": "\\f120",
    "arrow-right-c": "\\f121",
    "arrow-right-chevron-light": "\\f122",
    "arrow-right-chevron": "\\f123",
    "arrow-shrink": "\\f124",
    "arrow-swap": "\\f125",
    "arrow-thin-down": "\\f126",
    "arrow-thin-left": "\\f127",
    "arrow-thin-right": "\\f128",
    "arrow-thin-up": "\\f129",
    "arrow-undo": "\\f12a",
    "arrow-up-a": "\\f12b",
    "arrow-up-b": "\\f12c",
    "arrow-up-c": "\\f12d",
    "arrow-up-chevron-light": "\\f12e",
    "arrow-up-chevron": "\\f12f",
    "address-card-outline": "\\f130",
    "address-card": "\\f131",
    "bank": "\\f132",
    "birthday-cake-outline": "\\f133",
    "birthday-cake": "\\f134",
    "block": "\\f135",
    "bookmark-outline": "\\f136",
    "bookmark": "\\f137",
    "briefcase-medical-outline": "\\f138",
    "briefcase-medical": "\\f139",
    "briefcase-outline": "\\f13a",
    "briefcase": "\\f13b",
    "bug-outline": "\\f13c",
    "bug": "\\f13d",
    "calculate-outline": "\\f13e",
    "calculate": "\\f13f",
    "calendar-busy": "\\f140",
    "calendar-check": "\\f141",
    "calendar-clock": "\\f142",
    "calendar-day": "\\f143",
    "calendar-edit": "\\f144",
    "calendar-empty": "\\f145",
    "calendar-exclamation": "\\f146",
    "calendar-minus": "\\f147",
    "calendar-note": "\\f148",
    "calendar-plus": "\\f149",
    "calendar-range": "\\f14a",
    "calendar-star": "\\f14b",
    "calendar-today": "\\f14c",
    "calendar": "\\f14d",
    "cashed": "\\f14e",
    "checkmark-db": "\\f14f",
    "checkmark-round": "\\f150",
    "checkmark": "\\f151",
    "clipboard-check-outline": "\\f152",
    "clipboard-check": "\\f153",
    "clipboard-list-check-outline": "\\f154",
    "clipboard-list-check": "\\f155",
    "clipboard-list-outline": "\\f156",
    "clipboard-list": "\\f157",
    "clipboard-outline": "\\f158",
    "clipboard-user-outline": "\\f159",
    "clipboard-user": "\\f15a",
    "clipboard": "\\f15b",
    "clone-outline": "\\f15c",
    "clone": "\\f15d",
    "close-round": "\\f15e",
    "close": "\\f15f",
    "cloud-download-outline": "\\f160",
    "cloud-download": "\\f161",
    "cloud-upload-outline": "\\f162",
    "cloud-upload": "\\f163",
    "code-tab": "\\f164",
    "code": "\\f165",
    "cog-outline": "\\f166",
    "cog": "\\f167",
    "cogs-outline": "\\f168",
    "cogs": "\\f169",
    "copyright": "\\f16a",
    "delete-forever-outline": "\\f16b",
    "delete-forever": "\\f16c",
    "delete-outline": "\\f16d",
    "delete-restore-outline": "\\f16e",
    "delete-restore": "\\f16f",
    "delete": "\\f170",
    "earth": "\\f171",
    "eye-off-outline": "\\f172",
    "eye-off": "\\f173",
    "eye-outline": "\\f174",
    "eye": "\\f175",
    "feedback-outline": "\\f176",
    "feedback": "\\f177",
    "find-replace": "\\f178",
    "heart-outline": "\\f179",
    "heart": "\\f17a",
    "help-buoy": "\\f17b",
    "help-mark": "\\f17c",
    "help": "\\f17d",
    "home-heart": "\\f17e",
    "home": "\\f17f",
    "hourglass-empty": "\\f180",
    "hourglass-full": "\\f181",
    "id-badge-outline": "\\f182",
    "id-badge": "\\f183",
    "id-card-outline": "\\f184",
    "id-card": "\\f185",
    "info": "\\f186",
    "language-ar-outline": "\\f187",
    "language-ar": "\\f188",
    "language-outline": "\\f189",
    "language": "\\f18a",
    "lock-open": "\\f18b",
    "lock-outline": "\\f18c",
    "lock": "\\f18d",
    "maintenance-key-outline": "\\f18e",
    "maintenance-key": "\\f18f",
    "menu-level-light": "\\f190",
    "menu-level-round": "\\f191",
    "menu-light": "\\f192",
    "menu-round": "\\f193",
    "minus-round": "\\f194",
    "minus": "\\f195",
    "more-horiz": "\\f196",
    "more-vert": "\\f197",
    "notifications-none": "\\f198",
    "notifications": "\\f199",
    "person-astronaut-outline": "\\f19a",
    "person-astronaut": "\\f19b",
    "person-batman-outline": "\\f19c",
    "person-batman": "\\f19d",
    "person-businessman-outline": "\\f19e",
    "person-businessman": "\\f19f",
    "person-businesswoman-outline": "\\f1a0",
    "person-businesswoman": "\\f1a1",
    "person-captian-amirca-outline": "\\f1a2",
    "person-captian-amirca": "\\f1a3",
    "person-chef-outline": "\\f1a4",
    "person-chef": "\\f1a5",
    "person-criminal-outline": "\\f1a6",
    "person-criminal": "\\f1a7",
    "person-geek-outline": "\\f1a8",
    "person-geek-women-outline": "\\f1a9",
    "person-geek-women": "\\f1aa",
    "person-geek": "\\f1ab",
    "person-graduated-outline": "\\f1ac",
    "person-graduated": "\\f1ad",
    "person-man-beard-outline": "\\f1ae",
    "person-man-beard": "\\f1af",
    "person-man-outline": "\\f1b0",
    "person-man": "\\f1b1",
    "person-outline": "\\f1b2",
    "person-police-outline": "\\f1b3",
    "person-police": "\\f1b4",
    "person-spy-outline": "\\f1b5",
    "person-spy": "\\f1b6",
    "person-telemarketer-outline": "\\f1b7",
    "person-telemarketer-women-outline": "\\f1b8",
    "person-telemarketer-women": "\\f1b9",
    "person-telemarketer": "\\f1ba",
    "person-waiter-outline": "\\f1bb",
    "person-waiter": "\\f1bc",
    "person-waitress-outline": "\\f1bd",
    "person-waitress": "\\f1be",
    "person-wolvren-outline": "\\f1bf",
    "person-wolvren": "\\f1c0",
    "person-woman-alt-outline": "\\f1c1",
    "person-woman-alt": "\\f1c2",
    "person-woman-outline": "\\f1c3",
    "person-woman": "\\f1c4",
    "person-worker-outline": "\\f1c5",
    "person-worker": "\\f1c6",
    "person-writer-outline": "\\f1c7",
    "person-writer": "\\f1c8",
    "person": "\\f1c9",
    "pets-outline": "\\f1ca",
    "pets": "\\f1cb",
    "play-work-down": "\\f1cc",
    "play-work-up": "\\f1cd",
    "plus-round": "\\f1ce",
    "plus": "\\f1cf",
    "power": "\\f1d0",
    "print-outline": "\\f1d1",
    "print": "\\f1d2",
    "qr-code": "\\f1d3",
    "radio-checked": "\\f1d4",
    "radio-checkmark": "\\f1d5",
    "radio-unchecked": "\\f1d6",
    "reload": "\\f1d7",
    "search-dollar": "\\f1d8",
    "search-file-outline": "\\f1d9",
    "search-file": "\\f1da",
    "search-location": "\\f1db",
    "search-minus": "\\f1dc",
    "search-plus": "\\f1dd",
    "search": "\\f1de",
    "spellcheck": "\\f1df",
    "star-empty": "\\f1e0",
    "star-half": "\\f1e1",
    "star": "\\f1e2",
    "translate": "\\f1e3",
    "unverified-outline": "\\f1e4",
    "unverified": "\\f1e5",
    "user-circle-outline": "\\f1e6",
    "user-circle": "\\f1e7",
    "user-cog-outline": "\\f1e8",
    "user-cog": "\\f1e9",
    "user-crown-outline": "\\f1ea",
    "user-crown": "\\f1eb",
    "user-edit-outline": "\\f1ec",
    "user-edit": "\\f1ed",
    "user-friends-outline": "\\f1ee",
    "user-friends": "\\f1ef",
    "user-graduate-outline": "\\f1f0",
    "user-graduate": "\\f1f1",
    "user-hard-hat-outline": "\\f1f2",
    "user-hard-hat": "\\f1f3",
    "user-lock-outline": "\\f1f4",
    "user-lock": "\\f1f5",
    "user-ninja-outline": "\\f1f6",
    "user-ninja": "\\f1f7",
    "user-nurse-outline": "\\f1f8",
    "user-nurse": "\\f1f9",
    "user-outline": "\\f1fa",
    "user-shield-outline": "\\f1fb",
    "user-shield": "\\f1fc",
    "user-tie-outline": "\\f1fd",
    "user-tie": "\\f1fe",
    "user": "\\f1ff",
    "users-outline": "\\f200",
    "users": "\\f201",
    "verified-outline": "\\f202",
    "verified": "\\f203",
    "wallet": "\\f204",
    "warning-outline": "\\f205",
    "warning": "\\f206",
    "500px": "\\f207",
    "accessible-icon": "\\f208",
    "android-studio": "\\f209",
    "android": "\\f20a",
    "angular-outline": "\\f20b",
    "angular": "\\f20c",
    "app-store": "\\f20d",
    "apple-pay": "\\f20e",
    "apple": "\\f20f",
    "artstation": "\\f210",
    "audible": "\\f211",
    "aws": "\\f212",
    "beats": "\\f213",
    "behance": "\\f214",
    "blackberry": "\\f215",
    "bluetooth-b": "\\f216",
    "btc": "\\f217",
    "c-sharp": "\\f218",
    "c": "\\f219",
    "chrome": "\\f21a",
    "codepen": "\\f21b",
    "cppg": "\\f21c",
    "creative-commons": "\\f21d",
    "css3-alt": "\\f21e",
    "css3": "\\f21f",
    "discord": "\\f220",
    "docker": "\\f221",
    "dribbble": "\\f222",
    "dropbox": "\\f223",
    "drupal": "\\f224",
    "earlybirds": "\\f225",
    "ebay": "\\f226",
    "edge": "\\f227",
    "ethereum": "\\f228",
    "evernote": "\\f229",
    "facebook-messenger": "\\f22a",
    "facebook": "\\f22b",
    "fedex": "\\f22c",
    "figma": "\\f22d",
    "firefox": "\\f22e",
    "flickr": "\\f22f",
    "flipboard": "\\f230",
    "fonticons-fi": "\\f231",
    "fort-awesome": "\\f232",
    "free-code-camp": "\\f233",
    "git": "\\f234",
    "github-face": "\\f235",
    "gitlab": "\\f236",
    "gnome": "\\f237",
    "google-drive": "\\f238",
    "google-play": "\\f239",
    "google-translate": "\\f23a",
    "google-wallet-sign": "\\f23b",
    "google": "\\f23c",
    "gripfire": "\\f23d",
    "hangouts": "\\f23e",
    "html5": "\\f23f",
    "instagram-old": "\\f240",
    "instagram": "\\f241",
    "invision": "\\f242",
    "itunes-note": "\\f243",
    "java": "\\f244",
    "javascript-square": "\\f245",
    "javascript": "\\f246",
    "joomla": "\\f247",
    "jsfiddle-outline": "\\f248",
    "jsfiddle": "\\f249",
    "json": "\\f24a",
    "kickstarter": "\\f24b",
    "kodi": "\\f24c",
    "laravel": "\\f24d",
    "lastfm": "\\f24e",
    "less": "\\f24f",
    "linkedin": "\\f250",
    "linux": "\\f251",
    "lumx": "\\f252",
    "magento": "\\f253",
    "mailchimp": "\\f254",
    "material-ui": "\\f255",
    "maxcdn": "\\f256",
    "medium-m": "\\f257",
    "medium": "\\f258",
    "microsoft": "\\f259",
    "node": "\\f25a",
    "nodejs": "\\f25b",
    "npm": "\\f25c",
    "opencart": "\\f25d",
    "owl": "\\f25e",
    "paypal": "\\f25f",
    "php-outline": "\\f260",
    "php": "\\f261",
    "pinterest": "\\f262",
    "playstation": "\\f263",
    "polymer": "\\f264",
    "python": "\\f265",
    "react": "\\f266",
    "reddit": "\\f267",
    "redhat": "\\f268",
    "roby": "\\f269",
    "rss": "\\f26a",
    "sass": "\\f26b",
    "searchengin": "\\f26c",
    "share": "\\f26d",
    "skype": "\\f26e",
    "slack-hash": "\\f26f",
    "slack": "\\f270",
    "snapchat-ghost": "\\f271",
    "snapchat": "\\f272",
    "soundcloud": "\\f273",
    "stackexchange": "\\f274",
    "stackoverflow": "\\f275",
    "steam": "\\f276",
    "swift": "\\f277",
    "tumblr": "\\f278",
    "twitch": "\\f279",
    "twitter": "\\f27a",
    "typescript": "\\f27b",
    "unity": "\\f27c",
    "vimeo": "\\f27d",
    "visualstudio": "\\f27e",
    "vk": "\\f27f",
    "vpn": "\\f280",
    "vuejs": "\\f281",
    "webhook": "\\f282",
    "webpack": "\\f283",
    "wechat": "\\f284",
    "whatsapp": "\\f285",
    "whatshot": "\\f286",
    "wii": "\\f287",
    "wikipedia": "\\f288",
    "windows": "\\f289",
    "wordpress-simple": "\\f28a",
    "wordpress": "\\f28b",
    "xbox": "\\f28c",
    "xda": "\\f28d",
    "xing": "\\f28e",
    "xml": "\\f28f",
    "youtube-creator-studio": "\\f290",
    "youtube-play": "\\f291",
    "youtube": "\\f292",
    "award-graduation-outline": "\\f293",
    "award-graduation": "\\f294",
    "award-like-outline": "\\f295",
    "award-like": "\\f296",
    "award-outline": "\\f297",
    "award-star-outline": "\\f298",
    "award-star": "\\f299",
    "award": "\\f29a",
    "bar-chart": "\\f29b",
    "business-cogwheel": "\\f29c",
    "business-group": "\\f29d",
    "business-search-outline": "\\f29e",
    "business-search": "\\f29f",
    "business-settings": "\\f2a0",
    "businessman-cog-outline": "\\f2a1",
    "businessman-cog": "\\f2a2",
    "businessman-outline": "\\f2a3",
    "businessman-target-outline": "\\f2a4",
    "businessman-target": "\\f2a5",
    "businessman": "\\f2a6",
    "businessmen-speaking-outline": "\\f2a7",
    "businessmen-speaking": "\\f2a8",
    "businesswomen-outline": "\\f2a9",
    "businesswomen": "\\f2aa",
    "dollar-bulb-outline": "\\f2ab",
    "dollar-bulb": "\\f2ac",
    "dollar-target": "\\f2ad",
    "hand-wrench-outline": "\\f2ae",
    "hand-wrench": "\\f2af",
    "head-electro-outline": "\\f2b0",
    "head-electro": "\\f2b1",
    "head-info-outline": "\\f2b2",
    "head-info": "\\f2b3",
    "head-thinking": "\\f2b4",
    "justice-hammer-outline": "\\f2b5",
    "justice-hammer": "\\f2b6",
    "justice-scale": "\\f2b7",
    "lightbulb-dollar-outline": "\\f2b8",
    "lightbulb-dollar": "\\f2b9",
    "lightbulb-exclamation-outline": "\\f2ba",
    "lightbulb-exclamation": "\\f2bb",
    "lightbulb-on-outline": "\\f2bc",
    "lightbulb-on": "\\f2bd",
    "lightbulb-outline": "\\f2be",
    "lightbulb-slash-outline": "\\f2bf",
    "lightbulb-slash": "\\f2c0",
    "lightbulb": "\\f2c1",
    "old-helicopter-outline": "\\f2c2",
    "old-helicopter": "\\f2c3",
    "power-station-outline": "\\f2c4",
    "power-station": "\\f2c5",
    "puzzle": "\\f2c6",
    "safe-business-outline": "\\f2c7",
    "safe-business": "\\f2c8",
    "speech-bubble-dircetion-outline": "\\f2c9",
    "speech-bubble-dircetion": "\\f2ca",
    "speech-bubble-percentage-outline": "\\f2cb",
    "speech-bubble-percentage": "\\f2cc",
    "statistics-bars": "\\f2cd",
    "statistics-canvas-outline": "\\f2ce",
    "statistics-canvas": "\\f2cf",
    "statistics-donut": "\\f2d0",
    "statistics-grow-bars": "\\f2d1",
    "statistics-growth": "\\f2d2",
    "statistics-loss-chart": "\\f2d3",
    "statistics-pie-chart-outline": "\\f2d4",
    "statistics-pie-chart": "\\f2d5",
    "statistics-pie": "\\f2d6",
    "statistics-wining-chart": "\\f2d7",
    "target": "\\f2d8",
    "team-conversation-outline": "\\f2d9",
    "team-conversation": "\\f2da",
    "track-radar": "\\f2db",
    "working-factory-outline": "\\f2dc",
    "working-factory": "\\f2dd",
    "add-location": "\\f2de",
    "antenna": "\\f2df",
    "business-speech-bubble-outline": "\\f2e0",
    "business-speech-bubble": "\\f2e1",
    "chat-outline": "\\f2e2",
    "chat": "\\f2e3",
    "chatbox-outline": "\\f2e4",
    "chatbox-working-outline": "\\f2e5",
    "chatbox-working": "\\f2e6",
    "chatbox": "\\f2e7",
    "chatboxes-outline": "\\f2e8",
    "chatboxes": "\\f2e9",
    "chatbubble-outline": "\\f2ea",
    "chatbubble-working-outline": "\\f2eb",
    "chatbubble-working": "\\f2ec",
    "chatbubble": "\\f2ed",
    "chatbubbles-outline": "\\f2ee",
    "chatbubbles": "\\f2ef",
    "comment-alt-check-outline": "\\f2f0",
    "comment-alt-check": "\\f2f1",
    "comment-alt-dollar-outline": "\\f2f2",
    "comment-alt-dollar": "\\f2f3",
    "comment-alt-dots-outline": "\\f2f4",
    "comment-alt-dots": "\\f2f5",
    "comment-alt-edit-outline": "\\f2f6",
    "comment-alt-edit": "\\f2f7",
    "comment-alt-exclamation-outline": "\\f2f8",
    "comment-alt-exclamation": "\\f2f9",
    "comment-alt-lines-outline": "\\f2fa",
    "comment-alt-lines": "\\f2fb",
    "comment-alt-medical-outline": "\\f2fc",
    "comment-alt-medical": "\\f2fd",
    "comment-alt-minus-outline": "\\f2fe",
    "comment-alt-minus": "\\f2ff",
    "comment-alt-outline": "\\f300",
    "comment-alt-plus-outline": "\\f301",
    "comment-alt-plus": "\\f302",
    "comment-alt-slash-outline": "\\f303",
    "comment-alt-slash": "\\f304",
    "comment-alt-smile-outline": "\\f305",
    "comment-alt-smile": "\\f306",
    "comment-alt-times-outline": "\\f307",
    "comment-alt-times": "\\f308",
    "comment-check-outline": "\\f309",
    "comment-check": "\\f30a",
    "comment-dollar-outline": "\\f30b",
    "comment-dollar": "\\f30c",
    "comment-dots-outline": "\\f30d",
    "comment-dots": "\\f30e",
    "comment-edit-outline": "\\f30f",
    "comment-edit": "\\f310",
    "comment-exclamation-outline": "\\f311",
    "comment-exclamation": "\\f312",
    "comment-lines-outline": "\\f313",
    "comment-lines": "\\f314",
    "comment-medical-outline": "\\f315",
    "comment-medical": "\\f316",
    "comment-minus-outline": "\\f317",
    "comment-minus": "\\f318",
    "comment-outline": "\\f319",
    "comment-plus-outline": "\\f31a",
    "comment-plus": "\\f31b",
    "comment-slash-outline": "\\f31c",
    "comment-slash": "\\f31d",
    "comment-smile-outline": "\\f31e",
    "comment-smile": "\\f31f",
    "comment-times-outline": "\\f320",
    "comment-times": "\\f321",
    "comments-alt-dollar-outline": "\\f322",
    "comments-alt-dollar": "\\f323",
    "comments-alt-outline": "\\f324",
    "comments-alt": "\\f325",
    "comments-dollar-outline": "\\f326",
    "comments-dollar": "\\f327",
    "comments-outline": "\\f328",
    "comments": "\\f329",
    "contacts-outline": "\\f32a",
    "contacts": "\\f32b",
    "customer-service": "\\f32c",
    "email-new-letter-outline": "\\f32d",
    "email-new-letter": "\\f32e",
    "fax-b-outline": "\\f32f",
    "fax-b": "\\f330",
    "fax-c": "\\f331",
    "fax-outline": "\\f332",
    "fax": "\\f333",
    "forum-outline": "\\f334",
    "forum": "\\f335",
    "google-maps-outline": "\\f336",
    "google-maps": "\\f337",
    "inbox-in-outline": "\\f338",
    "inbox-in": "\\f339",
    "inbox-out-outline": "\\f33a",
    "inbox-out": "\\f33b",
    "inbox-outline": "\\f33c",
    "inbox": "\\f33d",
    "key-vpn-outline": "\\f33e",
    "key-vpn": "\\f33f",
    "location-lens-outline": "\\f340",
    "location-lens-slash": "\\f341",
    "location-lens": "\\f342",
    "mail-bulk-outline": "\\f343",
    "mail-bulk": "\\f344",
    "mail-drafts-outline": "\\f345",
    "mail-drafts": "\\f346",
    "mail-empty-outline": "\\f347",
    "mail-empty": "\\f348",
    "mail-outbox-outline": "\\f349",
    "mail-outbox": "\\f34a",
    "mail-outline": "\\f34b",
    "mail-read-outline": "\\f34c",
    "mail-read": "\\f34d",
    "mail-ru": "\\f34e",
    "mail-sent-outline": "\\f34f",
    "mail-sent": "\\f350",
    "mail-sync-outline": "\\f351",
    "mail-sync": "\\f352",
    "mail": "\\f353",
    "mailbox-outline": "\\f354",
    "mailbox": "\\f355",
    "mails-outbox-outline": "\\f356",
    "mails-outbox": "\\f357",
    "map-marked-alt": "\\f358",
    "map-marked-outline": "\\f359",
    "map-marker-alt": "\\f35a",
    "map-marker-check-outline": "\\f35b",
    "map-marker-check": "\\f35c",
    "map-marker-edit-outline": "\\f35d",
    "map-marker-edit": "\\f35e",
    "map-marker-exclamation-outline": "\\f35f",
    "map-marker-exclamation": "\\f360",
    "map-marker-minus-outline": "\\f361",
    "map-marker-minus": "\\f362",
    "map-marker-multiple-outline": "\\f363",
    "map-marker-multiple": "\\f364",
    "map-marker-outline": "\\f365",
    "map-marker-plus-outline": "\\f366",
    "map-marker-plus": "\\f367",
    "map-marker-question-outline": "\\f368",
    "map-marker-question": "\\f369",
    "map-marker-slash-outline": "\\f36a",
    "map-marker-smile-outline": "\\f36b",
    "map-marker-smile": "\\f36c",
    "map-marker-times-outline": "\\f36d",
    "map-marker-times": "\\f36e",
    "map-marker": "\\f36f",
    "map-outline": "\\f370",
    "map-pin-outline": "\\f371",
    "map-pin": "\\f372",
    "map-signs-outline": "\\f373",
    "map-signs": "\\f374",
    "map": "\\f375",
    "microphone-settings": "\\f376",
    "mobile-alt-outline": "\\f377",
    "mobile-alt": "\\f378",
    "mobile-android-alt-outline": "\\f379",
    "mobile-android-alt": "\\f37a",
    "mobile-android-outline": "\\f37b",
    "mobile-android": "\\f37c",
    "mobile-outline": "\\f37d",
    "mobile": "\\f37e",
    "paper-plane-outline": "\\f37f",
    "paper-plane": "\\f380",
    "passport-outline": "\\f381",
    "passport": "\\f382",
    "phone-b-outline": "\\f383",
    "phone-b": "\\f384",
    "phone-call-outline": "\\f385",
    "phone-call": "\\f386",
    "phone-classic-outline": "\\f387",
    "phone-classic": "\\f388",
    "phone-in-talk-outline": "\\f389",
    "phone-in-talk": "\\f38a",
    "phone-msg-outline": "\\f38b",
    "phone-msg": "\\f38c",
    "phone-office-outline": "\\f38d",
    "phone-office": "\\f38e",
    "phone-outline": "\\f38f",
    "phone-plus-outline": "\\f390",
    "phone-plus": "\\f391",
    "phone-settings-outline": "\\f392",
    "phone-settings": "\\f393",
    "phone-slash-outline": "\\f394",
    "phone-slash": "\\f395",
    "phone-volume-outline": "\\f396",
    "phone-volume": "\\f397",
    "phone": "\\f398",
    "phonebook-outline": "\\f399",
    "phonebook": "\\f39a",
    "send-outline": "\\f39b",
    "send": "\\f39c",
    "support-telemarketer-outline": "\\f39d",
    "support-telemarketer": "\\f39e",
    "textsms-outline": "\\f39f",
    "textsms": "\\f3a0",
    "voicemail": "\\f3a1",
    "bluetooth-disabled": "\\f3a2",
    "bluetooth": "\\f3a3",
    "brightness-auto-outline": "\\f3a4",
    "brightness-auto": "\\f3a5",
    "brightness-high-outline": "\\f3a6",
    "brightness-high": "\\f3a7",
    "brightness-low-outline": "\\f3a8",
    "brightness-low": "\\f3a9",
    "brightness-medium-outline": "\\f3aa",
    "brightness-medium": "\\f3ab",
    "cast-connected": "\\f3ac",
    "cast": "\\f3ad",
    "clock-alarm-add": "\\f3ae",
    "clock-alarm-off": "\\f3af",
    "clock-alarm-on": "\\f3b0",
    "clock-alarm": "\\f3b1",
    "clock-fast": "\\f3b2",
    "clock-history": "\\f3b3",
    "clock": "\\f3b4",
    "computer": "\\f3b5",
    "desktop-mac": "\\f3b6",
    "desktop-windows": "\\f3b7",
    "developer-board": "\\f3b8",
    "developer-mode": "\\f3b9",
    "devices-other": "\\f3ba",
    "devices": "\\f3bb",
    "dock": "\\f3bc",
    "dvr": "\\f3bd",
    "fingerprint": "\\f3be",
    "gps-fixed": "\\f3bf",
    "gps-off": "\\f3c0",
    "gps-unfixed": "\\f3c1",
    "graphic-eq": "\\f3c2",
    "harddisk-outline": "\\f3c3",
    "harddisk": "\\f3c4",
    "hdd-outline": "\\f3c5",
    "hdd": "\\f3c6",
    "headset-mic-outline": "\\f3c7",
    "headset-mic": "\\f3c8",
    "headset-outline": "\\f3c9",
    "headset": "\\f3ca",
    "important-devices": "\\f3cb",
    "keyboard-hide-outline": "\\f3cc",
    "keyboard-hide": "\\f3cd",
    "keyboard-outline": "\\f3ce",
    "keyboard-voice-outline": "\\f3cf",
    "keyboard-voice": "\\f3d0",
    "keyboard": "\\f3d1",
    "laptop-chromebook": "\\f3d2",
    "laptop-mac": "\\f3d3",
    "laptop-windows": "\\f3d4",
    "laptop": "\\f3d5",
    "memory": "\\f3d6",
    "mouse-outline": "\\f3d7",
    "mouse": "\\f3d8",
    "phone-android": "\\f3d9",
    "phone-iphone": "\\f3da",
    "phonelink-off": "\\f3db",
    "phonelink": "\\f3dc",
    "router-outline": "\\f3dd",
    "router": "\\f3de",
    "scanner-outline": "\\f3df",
    "scanner": "\\f3e0",
    "sd-storage-outline": "\\f3e1",
    "sd-storage": "\\f3e2",
    "security-shield": "\\f3e3",
    "server-2-outline": "\\f3e4",
    "server-2": "\\f3e5",
    "server-network-outline": "\\f3e6",
    "server-network": "\\f3e7",
    "server-outline": "\\f3e8",
    "server-security": "\\f3e9",
    "server": "\\f3ea",
    "signal-3-bars": "\\f3eb",
    "signal-empty": "\\f3ec",
    "signal-full": "\\f3ed",
    "sim-card-outline": "\\f3ee",
    "sim-card": "\\f3ef",
    "smartphone": "\\f3f0",
    "speaker-group-outline": "\\f3f1",
    "speaker-group": "\\f3f2",
    "tablet-android": "\\f3f3",
    "tablet-mac": "\\f3f4",
    "tablet": "\\f3f5",
    "television-classic-outline": "\\f3f6",
    "television-classic": "\\f3f7",
    "toys-fan-outline": "\\f3f8",
    "toys-fan": "\\f3f9",
    "tv-screen": "\\f3fa",
    "usb-sign": "\\f3fb",
    "wallpaper": "\\f3fc",
    "webcam-outline": "\\f3fd",
    "webcam": "\\f3fe",
    "widgets-outline": "\\f3ff",
    "widgets": "\\f400",
    "wifi-3-bars": "\\f401",
    "wifi-empty": "\\f402",
    "wifi-full": "\\f403",
    "wifi-scan": "\\f404",
    "box-alt-outline": "\\f405",
    "box-alt": "\\f406",
    "box-ballot-outline": "\\f407",
    "box-ballot": "\\f408",
    "box-check-outline": "\\f409",
    "box-check": "\\f40a",
    "box-full-outline": "\\f40b",
    "box-full": "\\f40c",
    "box-heart-outline": "\\f40d",
    "box-heart": "\\f40e",
    "box-open-outline": "\\f40f",
    "box-open": "\\f410",
    "box-outline": "\\f411",
    "box-up-outline": "\\f412",
    "box-up": "\\f413",
    "box-usd-outline": "\\f414",
    "box-usd": "\\f415",
    "box": "\\f416",
    "boxes-outline": "\\f417",
    "boxes": "\\f418",
    "card-pay": "\\f419",
    "cart-checkmark-outline": "\\f41a",
    "cart-checkmark": "\\f41b",
    "cart-love-outline": "\\f41c",
    "cart-love": "\\f41d",
    "cart-minus-outline": "\\f41e",
    "cart-minus": "\\f41f",
    "cart-outline": "\\f420",
    "cart-plus-outline": "\\f421",
    "cart-plus": "\\f422",
    "cart-remove-outline": "\\f423",
    "cart-remove": "\\f424",
    "cart": "\\f425",
    "cc-amazon-pay": "\\f426",
    "cc-amex": "\\f427",
    "cc-apple-pay": "\\f428",
    "cc-diners-club": "\\f429",
    "cc-discover": "\\f42a",
    "cc-jcb": "\\f42b",
    "cc-mastercard": "\\f42c",
    "cc-paypal": "\\f42d",
    "cc-stripe": "\\f42e",
    "cc-visa": "\\f42f",
    "change-money": "\\f430",
    "credit-card-blank-outline": "\\f431",
    "credit-card-blank": "\\f432",
    "credit-card-front-outline": "\\f433",
    "credit-card-front": "\\f434",
    "credit-card-outline": "\\f435",
    "credit-card": "\\f436",
    "currency-exchange-2": "\\f437",
    "currency-exchange": "\\f438",
    "delivery-truck": "\\f439",
    "dollar-bill": "\\f43a",
    "dollar-paper": "\\f43b",
    "dollar-sign": "\\f43c",
    "dollar-smartphone": "\\f43d",
    "dolly-empty": "\\f43e",
    "dolly-flatbed-alt-outline": "\\f43f",
    "dolly-flatbed-alt": "\\f440",
    "dolly-flatbed-outline": "\\f441",
    "dolly-flatbed": "\\f442",
    "dolly-outline": "\\f443",
    "dolly": "\\f444",
    "donate-outline": "\\f445",
    "donate": "\\f446",
    "euro-sign": "\\f447",
    "gift-card": "\\f448",
    "gift-outline": "\\f449",
    "gift": "\\f44a",
    "gifts-outline": "\\f44b",
    "gifts": "\\f44c",
    "money-bill-alt-outline": "\\f44d",
    "money-bill-alt": "\\f44e",
    "money-bill-outline": "\\f44f",
    "money-bill": "\\f450",
    "money-check-alt-outline": "\\f451",
    "money-check-alt": "\\f452",
    "money-check-outline": "\\f453",
    "money-check": "\\f454",
    "money-currency": "\\f455",
    "money-savings": "\\f456",
    "online-shopping": "\\f457",
    "package-delivery": "\\f458",
    "pound": "\\f459",
    "reward-badge": "\\f45a",
    "ruble": "\\f45b",
    "rupee": "\\f45c",
    "sack-dollar-outline": "\\f45d",
    "sack-dollar": "\\f45e",
    "sale-badge-horiz": "\\f45f",
    "sale-badge-vertical": "\\f460",
    "shekel": "\\f461",
    "shipping-fast-outline": "\\f462",
    "shipping-fast": "\\f463",
    "shipping-timed-outline": "\\f464",
    "shipping-timed": "\\f465",
    "shop-basket-checkark-outline": "\\f466",
    "shop-basket-checkmark": "\\f467",
    "shop-basket-love-outline": "\\f468",
    "shop-basket-love": "\\f469",
    "shop-basket-minus-outline": "\\f46a",
    "shop-basket-minus": "\\f46b",
    "shop-basket-outline": "\\f46c",
    "shop-basket-plus-outline": "\\f46d",
    "shop-basket-plus": "\\f46e",
    "shop-basket-remove-outline": "\\f46f",
    "shop-basket-remove": "\\f470",
    "shop-basket": "\\f471",
    "shop-tow": "\\f472",
    "shopping-bag-checkmark-outline": "\\f473",
    "shopping-bag-checkmark": "\\f474",
    "shopping-bag-love-outline": "\\f475",
    "shopping-bag-love": "\\f476",
    "shopping-bag-minus-outline": "\\f477",
    "shopping-bag-minus": "\\f478",
    "shopping-bag-outline": "\\f479",
    "shopping-bag-plus-outline": "\\f47a",
    "shopping-bag-plus": "\\f47b",
    "shopping-bag-remove-outline": "\\f47c",
    "shopping-bag-remove": "\\f47d",
    "shopping-bag": "\\f47e",
    "store-alt-outline": "\\f47f",
    "store-alt": "\\f480",
    "store-outline": "\\f481",
    "store": "\\f482",
    "verified-payment": "\\f483",
    "voucher": "\\f484",
    "won-sign": "\\f485",
    "yen-sign": "\\f486",
    "attach-file": "\\f487",
    "auto-fix-outline": "\\f488",
    "auto-fix": "\\f489",
    "color-filter-outline": "\\f48a",
    "color-filter": "\\f48b",
    "columns-outline": "\\f48c",
    "columns": "\\f48d",
    "copy-content": "\\f48e",
    "copy-outline": "\\f48f",
    "copy": "\\f490",
    "crop": "\\f491",
    "cut-content": "\\f492",
    "delete-sweep-outline": "\\f493",
    "delete-sweep": "\\f494",
    "edit-outline": "\\f495",
    "edit-pancel-outline": "\\f496",
    "edit-pancel": "\\f497",
    "edit": "\\f498",
    "engine-warning-outline": "\\f499",
    "engine-warning": "\\f49a",
    "eraser-outline": "\\f49b",
    "eraser": "\\f49c",
    "eye-dropper-outline": "\\f49d",
    "eye-dropper": "\\f49e",
    "fill-outline": "\\f49f",
    "fill": "\\f4a0",
    "filter-list": "\\f4a1",
    "flage-outline": "\\f4a2",
    "flage": "\\f4a3",
    "font-outline": "\\f4a4",
    "font": "\\f4a5",
    "format-align-center": "\\f4a6",
    "format-align-justify": "\\f4a7",
    "format-align-left": "\\f4a8",
    "format-align-right": "\\f4a9",
    "format-bold": "\\f4aa",
    "format-clear": "\\f4ab",
    "format-color-fill": "\\f4ac",
    "format-color-reset": "\\f4ad",
    "format-color-text": "\\f4ae",
    "format-float-center": "\\f4af",
    "format-float-left": "\\f4b0",
    "format-float-none": "\\f4b1",
    "format-float-right": "\\f4b2",
    "format-indent-decrease": "\\f4b3",
    "format-indent-increase": "\\f4b4",
    "format-italic": "\\f4b5",
    "format-line-spacing": "\\f4b6",
    "format-paint-outline": "\\f4b7",
    "format-paint": "\\f4b8",
    "format-shapes": "\\f4b9",
    "format-size": "\\f4ba",
    "format-strikethrough": "\\f4bb",
    "format-textdirection-ltr": "\\f4bc",
    "format-textdirection-rtl": "\\f4bd",
    "format-underlined": "\\f4be",
    "functions": "\\f4bf",
    "gesture": "\\f4c0",
    "h1": "\\f4c1",
    "h2": "\\f4c2",
    "h3": "\\f4c3",
    "highlight-outline": "\\f4c4",
    "highlight": "\\f4c5",
    "insert-chart-outline": "\\f4c6",
    "insert-chart": "\\f4c7",
    "insert-drive-file-outline": "\\f4c8",
    "insert-drive-file": "\\f4c9",
    "layer-group-outline": "\\f4ca",
    "layer-group": "\\f4cb",
    "layer-minus-outline": "\\f4cc",
    "layer-minus": "\\f4cd",
    "layer-plus-outline": "\\f4ce",
    "layer-plus": "\\f4cf",
    "linear-scale-outline": "\\f4d0",
    "linear-scale": "\\f4d1",
    "link": "\\f4d2",
    "list-bulleted": "\\f4d3",
    "list-numbered": "\\f4d4",
    "low-priority": "\\f4d5",
    "merge-type": "\\f4d6",
    "multiline-chart": "\\f4d7",
    "options-bars": "\\f4d8",
    "paint-brush-alt-outline": "\\f4d9",
    "paint-brush-alt": "\\f4da",
    "paint-brush-outline": "\\f4db",
    "paint-brush": "\\f4dc",
    "palette-advanced-outline": "\\f4dd",
    "palette-advanced": "\\f4de",
    "paste-content": "\\f4df",
    "pen-alt-outline": "\\f4e0",
    "pen-alt": "\\f4e1",
    "pen-fancy-outline": "\\f4e2",
    "pen-fancy": "\\f4e3",
    "pen-nib-outline": "\\f4e4",
    "pen-nib": "\\f4e5",
    "pen-outline": "\\f4e6",
    "pen": "\\f4e7",
    "pencil-alt-outline": "\\f4e8",
    "pencil-alt": "\\f4e9",
    "pencil-outline": "\\f4ea",
    "pencil-paintbrush-outline": "\\f4eb",
    "pencil-paintbrush": "\\f4ec",
    "pencil-ruler-outline": "\\f4ed",
    "pencil-ruler": "\\f4ee",
    "pencil": "\\f4ef",
    "pie-chart-outline": "\\f4f0",
    "pie-chart": "\\f4f1",
    "publish-outline": "\\f4f2",
    "publish": "\\f4f3",
    "quote-left-outline": "\\f4f4",
    "quote-left": "\\f4f5",
    "quote-right-outline": "\\f4f6",
    "quote-right": "\\f4f7",
    "report-outline": "\\f4f8",
    "report": "\\f4f9",
    "save-outline": "\\f4fa",
    "save": "\\f4fb",
    "short-text": "\\f4fc",
    "show-chart": "\\f4fd",
    "sort": "\\f4fe",
    "space-bar": "\\f4ff",
    "strikethrough-s": "\\f500",
    "table-cells": "\\f501",
    "table-outline": "\\f502",
    "table": "\\f503",
    "text-fields": "\\f504",
    "text-format": "\\f505",
    "title-head": "\\f506",
    "tune": "\\f507",
    "vertical-align-bottom": "\\f508",
    "vertical-align-center": "\\f509",
    "vertical-align-top": "\\f50a",
    "view-agenda-outline": "\\f50b",
    "view-agenda": "\\f50c",
    "view-array": "\\f50d",
    "view-carousel": "\\f50e",
    "view-column": "\\f50f",
    "view-dashboard-variant": "\\f510",
    "view-dashboard": "\\f511",
    "view-day": "\\f512",
    "view-grid": "\\f513",
    "view-list": "\\f514",
    "view-module": "\\f515",
    "view-quilt": "\\f516",
    "view-stream": "\\f517",
    "view-week": "\\f518",
    "wrap-text": "\\f519",
    "archive-outline": "\\f51a",
    "archive": "\\f51b",
    "book-dead-outline": "\\f51c",
    "book-dead": "\\f51d",
    "book-heart-outline": "\\f51e",
    "book-heart": "\\f51f",
    "book-medical-outline": "\\f520",
    "book-medical": "\\f521",
    "book-outline": "\\f522",
    "book-spells-outline": "\\f523",
    "book-spells": "\\f524",
    "book-user-outline": "\\f525",
    "book-user": "\\f526",
    "book": "\\f527",
    "books-outline": "\\f528",
    "books": "\\f529",
    "file-add-outline": "\\f52a",
    "file-add": "\\f52b",
    "file-attach-outline": "\\f52c",
    "file-attach": "\\f52d",
    "file-checked-outline": "\\f52e",
    "file-checked": "\\f52f",
    "file-code-outline": "\\f530",
    "file-code": "\\f531",
    "file-css-outline": "\\f532",
    "file-css": "\\f533",
    "file-css3-outline": "\\f534",
    "file-css3": "\\f535",
    "file-cut-outline": "\\f536",
    "file-cut": "\\f537",
    "file-delete-outline": "\\f538",
    "file-delete": "\\f539",
    "file-doc-outline": "\\f53a",
    "file-doc": "\\f53b",
    "file-document-outline": "\\f53c",
    "file-document": "\\f53d",
    "file-down-outline": "\\f53e",
    "file-down": "\\f53f",
    "file-edit-outline": "\\f540",
    "file-edit": "\\f541",
    "file-exe-outline": "\\f542",
    "file-exe": "\\f543",
    "file-favorite-outline": "\\f544",
    "file-favorite": "\\f545",
    "file-gif-outline": "\\f546",
    "file-gif": "\\f547",
    "file-html-outline": "\\f548",
    "file-html": "\\f549",
    "file-jpg-outline": "\\f54a",
    "file-jpg": "\\f54b",
    "file-liked-outline": "\\f54c",
    "file-liked": "\\f54d",
    "file-link-outline": "\\f54e",
    "file-link": "\\f54f",
    "file-list-outline": "\\f550",
    "file-list": "\\f551",
    "file-locked-outline": "\\f552",
    "file-locked": "\\f553",
    "file-mail-outline": "\\f554",
    "file-mail": "\\f555",
    "file-multiple-outline": "\\f556",
    "file-multiple": "\\f557",
    "file-music-outline": "\\f558",
    "file-music": "\\f559",
    "file-new-outline": "\\f55a",
    "file-new": "\\f55b",
    "file-pdf-outline": "\\f55c",
    "file-pdf": "\\f55d",
    "file-pen-outline": "\\f55e",
    "file-pen": "\\f55f",
    "file-photo-outline": "\\f560",
    "file-photo": "\\f561",
    "file-photography-outline": "\\f562",
    "file-photography": "\\f563",
    "file-php-outline": "\\f564",
    "file-php": "\\f565",
    "file-play-outline": "\\f566",
    "file-play": "\\f567",
    "file-png-outline": "\\f568",
    "file-png": "\\f569",
    "file-psd-outline": "\\f56a",
    "file-psd": "\\f56b",
    "file-rar-outline": "\\f56c",
    "file-rar": "\\f56d",
    "file-remove-outline": "\\f56e",
    "file-remove": "\\f56f",
    "file-search-outline": "\\f570",
    "file-search": "\\f571",
    "file-settings-outline": "\\f572",
    "file-settings": "\\f573",
    "file-share-outline": "\\f574",
    "file-share": "\\f575",
    "file-sound-outline": "\\f576",
    "file-sound": "\\f577",
    "file-stats-outline": "\\f578",
    "file-stats": "\\f579",
    "file-svg-outline": "\\f57a",
    "file-svg": "\\f57b",
    "file-sync-outline": "\\f57c",
    "file-sync": "\\f57d",
    "file-text-outline": "\\f57e",
    "file-text": "\\f57f",
    "file-tif-outline": "\\f580",
    "file-tif": "\\f581",
    "file-unlocked-outline": "\\f582",
    "file-unlocked": "\\f583",
    "file-up-outline": "\\f584",
    "file-up": "\\f585",
    "file-user-outline": "\\f586",
    "file-user": "\\f587",
    "file-vector-outline": "\\f588",
    "file-vector": "\\f589",
    "file-video-outline": "\\f58a",
    "file-video": "\\f58b",
    "file-xls-outline": "\\f58c",
    "file-xls": "\\f58d",
    "file-xml-outline": "\\f58e",
    "file-xml": "\\f58f",
    "file-zip-outline": "\\f590",
    "file-zip": "\\f591",
    "files-folder-outline": "\\f592",
    "files-folder": "\\f593",
    "files-folders-outline": "\\f594",
    "files-folders": "\\f595",
    "filing-outline": "\\f596",
    "filing": "\\f597",
    "folder-add-outline": "\\f598",
    "folder-add": "\\f599",
    "folder-attach-outline": "\\f59a",
    "folder-attach": "\\f59b",
    "folder-bookmark-outline": "\\f59c",
    "folder-bookmark": "\\f59d",
    "folder-checked-outline": "\\f59e",
    "folder-checked": "\\f59f",
    "folder-code-outline": "\\f5a0",
    "folder-code": "\\f5a1",
    "folder-delete-outline": "\\f5a2",
    "folder-delete": "\\f5a3",
    "folder-down-outline": "\\f5a4",
    "folder-down": "\\f5a5",
    "folder-edit-outline": "\\f5a6",
    "folder-edit": "\\f5a7",
    "folder-favorite-outline": "\\f5a8",
    "folder-favorite": "\\f5a9",
    "folder-liked-outline": "\\f5aa",
    "folder-liked": "\\f5ab",
    "folder-lock-outline": "\\f5ac",
    "folder-lock": "\\f5ad",
    "folder-music-outline": "\\f5ae",
    "folder-music": "\\f5af",
    "folder-outline": "\\f5b0",
    "folder-pen-outline": "\\f5b1",
    "folder-pen": "\\f5b2",
    "folder-photo-outline": "\\f5b3",
    "folder-photo": "\\f5b4",
    "folder-play-outline": "\\f5b5",
    "folder-play": "\\f5b6",
    "folder-remove-outline": "\\f5b7",
    "folder-remove": "\\f5b8",
    "folder-settings-outline": "\\f5b9",
    "folder-settings": "\\f5ba",
    "folder-share-outline": "\\f5bb",
    "folder-share": "\\f5bc",
    "folder-sync-outline": "\\f5bd",
    "folder-sync": "\\f5be",
    "folder-text-outline": "\\f5bf",
    "folder-text": "\\f5c0",
    "folder-tree-outline": "\\f5c1",
    "folder-tree": "\\f5c2",
    "folder-unlock-outline": "\\f5c3",
    "folder-unlock": "\\f5c4",
    "folder-up-outline": "\\f5c5",
    "folder-up": "\\f5c6",
    "folder-vector-outline": "\\f5c7",
    "folder-vector": "\\f5c8",
    "folder-warning-outline": "\\f5c9",
    "folder-warning": "\\f5ca",
    "folder": "\\f5cb",
    "photo-add": "\\f5cc",
    "photo-checked": "\\f5cd",
    "photo-delete": "\\f5ce",
    "photo-download": "\\f5cf",
    "photo-lock": "\\f5d0",
    "photo-remove": "\\f5d1",
    "photo-settings": "\\f5d2",
    "photo-unlock": "\\f5d3",
    "photo-upload": "\\f5d4",
    "photo-warning": "\\f5d5",
    "add-to-queue": "\\f5d6",
    "album": "\\f5d7",
    "amplifier-outline": "\\f5d8",
    "amplifier": "\\f5d9",
    "art-track": "\\f5da",
    "aspect-ratio": "\\f5db",
    "audiotrack-outline": "\\f5dc",
    "audiotrack": "\\f5dd",
    "boombox-outline": "\\f5de",
    "boombox": "\\f5df",
    "brightness-settings": "\\f5e0",
    "camera-lens-outline": "\\f5e1",
    "camera-lens": "\\f5e2",
    "camera-outline": "\\f5e3",
    "camera": "\\f5e4",
    "closed-caption-outline": "\\f5e5",
    "closed-caption": "\\f5e6",
    "eject-outline": "\\f5e7",
    "eject": "\\f5e8",
    "emby-outline": "\\f5e9",
    "emby": "\\f5ea",
    "equalizer": "\\f5eb",
    "fast-forward-outline": "\\f5ec",
    "fast-forward": "\\f5ed",
    "fast-rewind-outline": "\\f5ee",
    "fast-rewind": "\\f5ef",
    "film-outline": "\\f5f0",
    "film": "\\f5f1",
    "games-arrows-outline": "\\f5f2",
    "games-arrows": "\\f5f3",
    "guitar-acoustic-outline": "\\f5f4",
    "guitar-acoustic": "\\f5f5",
    "guitar-electric-outline": "\\f5f6",
    "guitar-electric": "\\f5f7",
    "hearing": "\\f5f8",
    "high-quality-outline": "\\f5f9",
    "high-quality": "\\f5fa",
    "library-add-outline": "\\f5fb",
    "library-add": "\\f5fc",
    "library-books-outline": "\\f5fd",
    "library-books": "\\f5fe",
    "library-music-outline": "\\f5ff",
    "library-music": "\\f600",
    "loop": "\\f601",
    "mic-off": "\\f602",
    "mic-outline": "\\f603",
    "mic": "\\f604",
    "microphone-variant-outline": "\\f605",
    "microphone-variant": "\\f606",
    "movie-filter-outline": "\\f607",
    "movie-filter": "\\f608",
    "movies-outline": "\\f609",
    "movies": "\\f60a",
    "not-interested": "\\f60b",
    "painting-brush-outline": "\\f60c",
    "painting-brush": "\\f60d",
    "palette-outline": "\\f60e",
    "palette": "\\f60f",
    "pause-outline": "\\f610",
    "pause": "\\f611",
    "perm-media-outline": "\\f612",
    "perm-media": "\\f613",
    "photo-outline": "\\f614",
    "photo": "\\f615",
    "play-outline": "\\f616",
    "play": "\\f617",
    "playlist-add": "\\f618",
    "playlist-check": "\\f619",
    "playlist-play": "\\f61a",
    "podcast": "\\f61b",
    "popcorn-outline": "\\f61c",
    "popcorn": "\\f61d",
    "projector-outline": "\\f61e",
    "projector": "\\f61f",
    "queue-music": "\\f620",
    "queue-next": "\\f621",
    "radio-outline": "\\f622",
    "radio": "\\f623",
    "recent-actors-outline": "\\f624",
    "recent-actors": "\\f625",
    "record-outline": "\\f626",
    "record": "\\f627",
    "repeat-one": "\\f628",
    "repeat": "\\f629",
    "replay": "\\f62a",
    "shuffle": "\\f62b",
    "skip-next-outline": "\\f62c",
    "skip-next": "\\f62d",
    "skip-previous-outline": "\\f62e",
    "skip-previous": "\\f62f",
    "slow-motion": "\\f630",
    "smart-record-outline": "\\f631",
    "smart-record": "\\f632",
    "snooze": "\\f633",
    "sound-wave": "\\f634",
    "speaker-outline": "\\f635",
    "speaker": "\\f636",
    "stop-outline": "\\f637",
    "stop": "\\f638",
    "subscriptions-outline": "\\f639",
    "subscriptions": "\\f63a",
    "svideo": "\\f63b",
    "timer": "\\f63c",
    "tv-retro-outline": "\\f63d",
    "tv-retro": "\\f63e",
    "video-call-outline": "\\f63f",
    "video-call": "\\f640",
    "video-library-outline": "\\f641",
    "video-library": "\\f642",
    "videocam-off": "\\f643",
    "videocam-outline": "\\f644",
    "videocam": "\\f645",
    "violin-outline": "\\f646",
    "violin": "\\f647",
    "volume-boost": "\\f648",
    "volume-down-outline": "\\f649",
    "volume-down": "\\f64a",
    "volume-mute-outline": "\\f64b",
    "volume-mute": "\\f64c",
    "volume-off": "\\f64d",
    "volume-up-outline": "\\f64e",
    "volume-up": "\\f64f",
    "volume": "\\f650",
    "wireless-headset-outline": "\\f651",
    "wireless-headset": "\\f652",
    "youtube-tv-outline": "\\f653",
    "youtube-tv": "\\f654",
    "zoom-in": "\\f655",
    "zoom-out": "\\f656",
    "airballoon-outline": "\\f657",
    "airballoon": "\\f658",
    "all-inclusive": "\\f659",
    "apple-crate-outline": "\\f65a",
    "apple-crate": "\\f65b",
    "atom": "\\f65c",
    "axe-battle-outline": "\\f65d",
    "axe-battle": "\\f65e",
    "axe-outline": "\\f65f",
    "axe": "\\f660",
    "baby-buggy-outline": "\\f661",
    "baby-buggy": "\\f662",
    "bag-outline": "\\f663",
    "bag": "\\f664",
    "barrel-outline": "\\f665",
    "barrel": "\\f666",
    "basketball-outline": "\\f667",
    "basketball": "\\f668",
    "bed-long-outline": "\\f669",
    "bed-long": "\\f66a",
    "bike": "\\f66b",
    "biohazard": "\\f66c",
    "birhtday-gift-outline": "\\f66d",
    "birhtday-gift": "\\f66e",
    "blanket-outline": "\\f66f",
    "blanket": "\\f670",
    "boat-outline": "\\f671",
    "boat": "\\f672",
    "bomb-off-outline": "\\f673",
    "bomb-off": "\\f674",
    "bomb-outline": "\\f675",
    "bomb": "\\f676",
    "bone-outline": "\\f677",
    "bone": "\\f678",
    "bonfire-outline": "\\f679",
    "bonfire": "\\f67a",
    "book-minus-outline": "\\f67b",
    "book-minus": "\\f67c",
    "book-open-page-variant": "\\f67d",
    "book-open-variant": "\\f67e",
    "bowling-ball-outline": "\\f67f",
    "bowling-ball": "\\f680",
    "bowling-pins-outline": "\\f681",
    "bowling-pins": "\\f682",
    "bowtie-outline": "\\f683",
    "bowtie": "\\f684",
    "brain-outline": "\\f685",
    "brain": "\\f686",
    "brush-outline": "\\f687",
    "brush": "\\f688",
    "bug-c-outline": "\\f689",
    "bug-c": "\\f68a",
    "building-outline": "\\f68b",
    "building": "\\f68c",
    "bullhorn-outline": "\\f68d",
    "bullhorn": "\\f68e",
    "bunk-bead-outline": "\\f68f",
    "bunk-bead": "\\f690",
    "burrito-outline": "\\f691",
    "burrito": "\\f692",
    "bus-outline": "\\f693",
    "bus-school-outline": "\\f694",
    "bus-school": "\\f695",
    "bus": "\\f696",
    "cabinet-filing-outline": "\\f697",
    "cabinet-filing": "\\f698",
    "candle-holder-outline": "\\f699",
    "candle-holder": "\\f69a",
    "car-alt-outline": "\\f69b",
    "car-side-outline": "\\f69c",
    "car-side": "\\f69d",
    "car": "\\f69e",
    "cctv-outline": "\\f69f",
    "cctv": "\\f6a0",
    "ceiling-light-outline": "\\f6a1",
    "ceiling-light": "\\f6a2",
    "chair-office-outline": "\\f6a3",
    "chair-office": "\\f6a4",
    "chair-outline": "\\f6a5",
    "chair": "\\f6a6",
    "charging-station-outline": "\\f6a7",
    "charging-station": "\\f6a8",
    "chart-arc-outline": "\\f6a9",
    "chart-arc": "\\f6aa",
    "chart-areaspline": "\\f6ab",
    "chart-bar-stacked": "\\f6ac",
    "chart-bar": "\\f6ad",
    "cheeseburger-outline": "\\f6ae",
    "cheeseburger": "\\f6af",
    "chemical-weapon": "\\f6b0",
    "chess-bishop-alt-outline": "\\f6b1",
    "chess-bishop-alt": "\\f6b2",
    "chess-bishop-outline": "\\f6b3",
    "chess-bishop": "\\f6b4",
    "chess-king-alt-outline": "\\f6b5",
    "chess-king-alt": "\\f6b6",
    "chess-king-outline": "\\f6b7",
    "chess-king": "\\f6b8",
    "chess-knight-alt-outline": "\\f6b9",
    "chess-knight": "\\f6ba",
    "chess-pawn-alt-outline": "\\f6bb",
    "chess-pawn": "\\f6bc",
    "chess-queen-alt-outline": "\\f6bd",
    "chess-queen-alt": "\\f6be",
    "chess-queen-outline": "\\f6bf",
    "chess-queen": "\\f6c0",
    "chess-rook-alt": "\\f6c1",
    "chess-rook-outline": "\\f6c2",
    "chess": "\\f6c3",
    "city-outline": "\\f6c4",
    "city": "\\f6c5",
    "clover-outline": "\\f6c6",
    "clover": "\\f6c7",
    "code-braces": "\\f6c8",
    "code-brackets": "\\f6c9",
    "code-tags": "\\f6ca",
    "coffee-outline": "\\f6cb",
    "coffee-togo-outline": "\\f6cc",
    "coffee-togo": "\\f6cd",
    "coffee": "\\f6ce",
    "concierge-bell-outline": "\\f6cf",
    "concierge-bell": "\\f6d0",
    "corn-outline": "\\f6d1",
    "corn": "\\f6d2",
    "couch-outline": "\\f6d3",
    "couch": "\\f6d4",
    "crow-outline": "\\f6d5",
    "crow": "\\f6d6",
    "crown-outline": "\\f6d7",
    "crown": "\\f6d8",
    "dagger-outline": "\\f6d9",
    "dagger": "\\f6da",
    "diamond-outline": "\\f6db",
    "diamond": "\\f6dc",
    "dice-d4-outline": "\\f6dd",
    "dice-d4": "\\f6de",
    "dice-d6-outline": "\\f6df",
    "dice-d6": "\\f6e0",
    "dice-d8-outline": "\\f6e1",
    "dice-d8": "\\f6e2",
    "dice-outline": "\\f6e3",
    "dice-six-outline": "\\f6e4",
    "dice-six": "\\f6e5",
    "dice": "\\f6e6",
    "diploma-outline": "\\f6e7",
    "diploma": "\\f6e8",
    "directions-outline": "\\f6e9",
    "directions": "\\f6ea",
    "door-closed-outline": "\\f6eb",
    "door-closed": "\\f6ec",
    "door-open-outline": "\\f6ed",
    "door-open": "\\f6ee",
    "dove-outline": "\\f6ef",
    "dove": "\\f6f0",
    "dragon-outline": "\\f6f1",
    "dragon": "\\f6f2",
    "dumbbell-outline": "\\f6f3",
    "dumbbell": "\\f6f4",
    "ear-muffs-outline": "\\f6f5",
    "ear-muffs": "\\f6f6",
    "elephant-outline": "\\f6f7",
    "elephant": "\\f6f8",
    "erlenmeyer-flask-bubbles": "\\f6f9",
    "erlenmeyer-flask": "\\f6fa",
    "ev-station-outline": "\\f6fb",
    "ev-station": "\\f6fc",
    "extension-outline": "\\f6fd",
    "extension": "\\f6fe",
    "eye-evil": "\\f6ff",
    "feather-alt-outline": "\\f700",
    "feather-alt": "\\f701",
    "feather-outline": "\\f702",
    "feather": "\\f703",
    "fire-extinguisher-outline": "\\f704",
    "fire-extinguisher": "\\f705",
    "fire-outline": "\\f706",
    "fire-smoke-outline": "\\f707",
    "fire-smoke": "\\f708",
    "fire": "\\f709",
    "fireball-outline": "\\f70a",
    "fireball": "\\f70b",
    "fireplace-outline": "\\f70c",
    "fireplace": "\\f70d",
    "flag-checkered-outline": "\\f70e",
    "flame-outline": "\\f70f",
    "flame": "\\f710",
    "flask-poison-outline": "\\f711",
    "flask-poison": "\\f712",
    "flower-daffodil-outline": "\\f713",
    "flower-daffodil": "\\f714",
    "flower-tulip-outline": "\\f715",
    "flower-tulip": "\\f716",
    "football-outline": "\\f717",
    "football": "\\f718",
    "french-fries-outline": "\\f719",
    "french-fries": "\\f71a",
    "gavel-outline": "\\f71b",
    "gavel": "\\f71c",
    "gem-outline": "\\f71d",
    "gem": "\\f71e",
    "gender-female": "\\f71f",
    "gender-male": "\\f720",
    "ghost-outline": "\\f721",
    "ghost": "\\f722",
    "graduation-cap-outline": "\\f723",
    "graduation-cap": "\\f724",
    "hamburger-outline": "\\f725",
    "hamburger": "\\f726",
    "hard-hat-outline": "\\f727",
    "hard-hat": "\\f728",
    "hospital-alt-outline": "\\f729",
    "hospital-alt": "\\f72a",
    "hospital-outline": "\\f72b",
    "hospital": "\\f72c",
    "hotel-outline": "\\f72d",
    "hotel": "\\f72e",
    "incognito": "\\f72f",
    "infinity": "\\f730",
    "island-tropical-outline": "\\f731",
    "island-tropical": "\\f732",
    "jack-o-lantern-outline": "\\f733",
    "jack-o-lantern": "\\f734",
    "jedi-outline": "\\f735",
    "jedi": "\\f736",
    "joint-outline": "\\f737",
    "joint": "\\f738",
    "journal-whills-outline": "\\f739",
    "journal-whills": "\\f73a",
    "kaaba-outline": "\\f73b",
    "kaaba": "\\f73c",
    "key-skeleton-outline": "\\f73d",
    "key-skeleton": "\\f73e",
    "knife-kitchen-outline": "\\f73f",
    "knife-kitchen": "\\f740",
    "landmark-alt-outline": "\\f741",
    "landmark-alt": "\\f742",
    "lead-pencil-outline": "\\f743",
    "lead-pencil": "\\f744",
    "local-activity-outline": "\\f745",
    "local-activity": "\\f746",
    "local-florist-outline": "\\f747",
    "local-florist": "\\f748",
    "local-shipping-outline": "\\f749",
    "local-shipping": "\\f74a",
    "magnet-on-outline": "\\f74b",
    "magnet-on": "\\f74c",
    "magnet-outline": "\\f74d",
    "magnet": "\\f74e",
    "mask-outline": "\\f74f",
    "mask": "\\f750",
    "meteor-outline": "\\f751",
    "meteor": "\\f752",
    "moon-cloud-outline": "\\f753",
    "moon-cloud": "\\f754",
    "moon-outline": "\\f755",
    "moon-stars-outline": "\\f756",
    "moon-stars": "\\f757",
    "moon": "\\f758",
    "mosque-outline": "\\f759",
    "mosque": "\\f75a",
    "motorcycle-outline": "\\f75b",
    "motorcycle": "\\f75c",
    "newspaper-outline": "\\f75d",
    "newspaper": "\\f75e",
    "palm": "\\f75f",
    "pen-sharp-outline": "\\f760",
    "pen-sharp": "\\f761",
    "pistol-outline": "\\f762",
    "pistol": "\\f763",
    "qrcode-scan": "\\f764",
    "qrcode": "\\f765",
    "quran-outline": "\\f766",
    "quran": "\\f767",
    "railway-outline": "\\f768",
    "railway": "\\f769",
    "ring-outline": "\\f76a",
    "ring": "\\f76b",
    "robot-outline": "\\f76c",
    "robot": "\\f76d",
    "rocket-outline": "\\f76e",
    "rocket": "\\f76f",
    "single-bed-outline": "\\f770",
    "single-bed": "\\f771",
    "sitemap-outline": "\\f772",
    "sitemap": "\\f773",
    "skull-outline": "\\f774",
    "skull": "\\f775",
    "source-branch": "\\f776",
    "spa-outline": "\\f777",
    "spa": "\\f778",
    "space-shuttle-outline": "\\f779",
    "space-shuttle": "\\f77a",
    "spray-can-outline": "\\f77b",
    "spray-can": "\\f77c",
    "steering-wheel-outline": "\\f77d",
    "steering-wheel": "\\f77e",
    "subway-outline": "\\f77f",
    "subway": "\\f780",
    "sword-outline": "\\f781",
    "sword": "\\f782",
    "swords-outline": "\\f783",
    "swords": "\\f784",
    "tag-outline": "\\f785",
    "tag": "\\f786",
    "thumbsdown-outline": "\\f787",
    "thumbsdown": "\\f788",
    "thumbsup-outline": "\\f789",
    "thumbsup": "\\f78a",
    "tie-outline": "\\f78b",
    "tie": "\\f78c",
    "traffic-outline": "\\f78d",
    "traffic": "\\f78e",
    "treasure-chest-outline": "\\f78f",
    "treasure-chest": "\\f790",
    "tree-alt-outline": "\\f791",
    "tree-alt": "\\f792",
    "tree-outline": "\\f793",
    "tree": "\\f794",
    "trees-outline": "\\f795",
    "trees": "\\f796",
    "truck-fast-outline": "\\f797",
    "truck-fast": "\\f798",
    "truck-moving-outline": "\\f799",
    "truck-moving": "\\f79a",
    "truck-pickup-outline": "\\f79b",
    "truck-pickup": "\\f79c",
    "tshirt-outline": "\\f79d",
    "tshirt": "\\f79e",
    "turtle-outline": "\\f79f",
    "turtle": "\\f7a0",
    "umbrella-outline": "\\f7a1",
    "umbrella": "\\f7a2",
    "van-utility-outline": "\\f7a3",
    "van-utility": "\\f7a4",
    "volcano-outline": "\\f7a5",
    "volcano": "\\f7a6",
    "vote-nay-outline": "\\f7a7",
    "vote-nay": "\\f7a8",
    "vote-yea-outline": "\\f7a9",
    "vote-yea": "\\f7aa",
    "wall-outline": "\\f7ab",
    "wall": "\\f7ac",
    "washing-machine-outline": "\\f7ad",
    "washing-machine": "\\f7ae",
    "watch-fitness-outline": "\\f7af",
    "watch-fitness": "\\f7b0",
    "watch-hand-outline": "\\f7b1",
    "watch-hand": "\\f7b2",
    "watch-vibrate-outline": "\\f7b3",
    "watch-vibrate": "\\f7b4",
    "yin-yang": "\\f7b5",
    "zip-box-outline": "\\f7b6",
    "zip-box": "\\f7b7",
    "browser-404": "\\f7b8",
    "browser-advertising": "\\f7b9",
    "browser-analytics-bounce": "\\f7ba",
    "browser-analytics": "\\f7bb",
    "browser-api": "\\f7bc",
    "browser-bounce": "\\f7bd",
    "browser-certificate": "\\f7be",
    "browser-coding-cog": "\\f7bf",
    "browser-coding": "\\f7c0",
    "browser-ecommerce": "\\f7c1",
    "browser-gem": "\\f7c2",
    "browser-landing-page": "\\f7c3",
    "browser-landing-setting": "\\f7c4",
    "browser-page-speed": "\\f7c5",
    "browser-php": "\\f7c6",
    "browser-plane": "\\f7c7",
    "browser-sql": "\\f7c8",
    "browser-tabs": "\\f7c9",
    "browser-web-analytics": "\\f7ca",
    "cd-recording": "\\f7cb",
    "cd-recordings-outline": "\\f7cc",
    "cloud-clock-outline": "\\f7cd",
    "cloud-clock": "\\f7ce",
    "cloud-close-outline": "\\f7cf",
    "cloud-close": "\\f7d0",
    "cloud-file-outline": "\\f7d1",
    "cloud-file": "\\f7d2",
    "cloud-plug-outline": "\\f7d3",
    "cloud-plug": "\\f7d4",
    "cloud-search-outline": "\\f7d5",
    "cloud-search": "\\f7d6",
    "cloud-virtual-outline": "\\f7d7",
    "cloud-virtual": "\\f7d8",
    "compact-disc-outline": "\\f7d9",
    "compact-disc": "\\f7da",
    "compass-outline": "\\f7db",
    "compass": "\\f7dc",
    "computer-network-outline": "\\f7dd",
    "computer-network": "\\f7de",
    "cpu-chip-outline": "\\f7df",
    "cpu-chip": "\\f7e0",
    "database-outline": "\\f7e1",
    "database": "\\f7e2",
    "debug-outline": "\\f7e3",
    "debug": "\\f7e4",
    "digital-clock-outline": "\\f7e5",
    "digital-clock": "\\f7e6",
    "digital-tachograph-outline": "\\f7e7",
    "digital-tachograph": "\\f7e8",
    "goal-outline": "\\f7e9",
    "goal": "\\f7ea",
    "hdd-card-outline": "\\f7eb",
    "hdd-card": "\\f7ec",
    "home-file": "\\f7ed",
    "home-silhouette": "\\f7ee",
    "imac-outline": "\\f7ef",
    "imac": "\\f7f0",
    "landing-page": "\\f7f1",
    "launch-rocket-outline": "\\f7f2",
    "launch-rocket": "\\f7f3",
    "medal-with-star-outline": "\\f7f4",
    "medal-with-star": "\\f7f5",
    "network-connection": "\\f7f6",
    "network-server-outline": "\\f7f7",
    "network-server": "\\f7f8",
    "network-square": "\\f7f9",
    "one-hammer": "\\f7fa",
    "pencil-case-outline": "\\f7fb",
    "pencil-case": "\\f7fc",
    "personal-computer-outline": "\\f7fd",
    "personal-computer": "\\f7fe",
    "protection-shield": "\\f7ff",
    "screw-outline": "\\f800",
    "screw": "\\f801",
    "server-check-outline": "\\f802",
    "server-check": "\\f803",
    "server-download-outline": "\\f804",
    "server-download": "\\f805",
    "server-search-outline": "\\f806",
    "server-search": "\\f807",
    "server-settings-outline": "\\f808",
    "server-settings": "\\f809",
    "server-share-outline": "\\f80a",
    "server-share": "\\f80b",
    "server-video-outline": "\\f80c",
    "server-video": "\\f80d",
    "setting-spanner-outline": "\\f80e",
    "setting-spanner": "\\f80f",
    "settings-cogwheels": "\\f810",
    "settings-tools-outline": "\\f811",
    "settings-tools": "\\f812",
    "shield-with-lock-outline": "\\f813",
    "shield-with-lock": "\\f814",
    "soldering-machine": "\\f815",
    "stopwatch-outline": "\\f816",
    "stopwatch": "\\f817",
    "tags-list-outline": "\\f818",
    "tags-list": "\\f819",
    "target-board": "\\f81a",
    "technical-service-van-outline": "\\f81b",
    "technical-service-van": "\\f81c",
    "technics-outline": "\\f81d",
    "technics": "\\f81e",
    "usb-flash-drive-outline": "\\f81f",
    "usb-flash-drive": "\\f820",
    "users-linked-outline": "\\f821",
    "users-linked": "\\f822",
    "video-card-outline": "\\f823",
    "video-card": "\\f824",
    "wall-drill-outline": "\\f825",
    "wall-drill": "\\f826",
    "wirelss-mouse-outline": "\\f827",
    "wirelss-mouse": "\\f828",
    "work-helmet-outline": "\\f829",
    "work-helmet": "\\f82a"
}